,Company,Date,score
0,Alphabet,2023-12-07,0.9997
1,Alphabet,2023-12-08,0.9979352941176471
2,Alphabet,2023-12-10,0.5422570776255708
3,Alphabet,2023-12-12,0.7222977102250296
4,Alphabet,2023-12-13,0.7803923659442501
5,Alphabet,2023-12-14,0.8532911219004682
6,Walmart,2023-12-07,0.9184
7,Walmart,2023-12-08,0.8488705882352943
8,Walmart,2023-12-12,0.9166009132420092
9,Walmart,2023-12-13,0.7860439005132255
10,Top_100_avg,2023-11-12,0.917925
11,Top_100_avg,2023-11-13,0.7947156162464986
12,Top_100_avg,2023-11-14,0.7761462562931741
13,Top_100_avg,2023-11-15,0.7925173693690175
14,Top_100_avg,2023-11-16,0.7615830229568131
15,Top_100_avg,2023-11-17,0.8012209364089604
16,Top_100_avg,2023-11-18,0.7597195397152414
17,Top_100_avg,2023-11-19,0.7174033781529046
18,Top_100_avg,2023-11-20,0.7699740512595755
19,Top_100_avg,2023-11-21,0.7757088291633353
20,Top_100_avg,2023-11-22,0.7609592199468083
21,Top_100_avg,2023-11-23,0.7428394023635664
22,Top_100_avg,2023-11-24,0.7008946614716869
23,Top_100_avg,2023-11-25,0.6726166975767356
24,Top_100_avg,2023-11-26,0.6517565243157925
25,Top_100_avg,2023-11-27,0.629088296356464
26,Top_100_avg,2023-11-28,0.6775992741711707
27,Top_100_avg,2023-11-29,0.6662322975700287
28,Top_100_avg,2023-11-30,0.654112207369383
29,Top_100_avg,2023-12-01,0.6827140699356158
30,Top_100_avg,2023-12-02,0.6495216542960429
31,Top_100_avg,2023-12-03,0.6173353009917947
32,Top_100_avg,2023-12-04,0.6491754249373317
33,Top_100_avg,2023-12-05,0.639968462146292
34,Top_100_avg,2023-12-06,0.6777675087429611
35,Top_100_avg,2023-12-07,0.738669896396662
36,Top_100_avg,2023-12-08,0.7164871995299784
37,Top_100_avg,2023-12-09,0.6842344132290955
38,Top_100_avg,2023-12-10,0.6886512314777519
39,Top_100_avg,2023-12-11,0.6704738394247755
40,Top_100_avg,2023-12-12,0.7074627975078316
41,Top_100_avg,2023-12-13,0.730737548641608
42,Top_100_avg,2023-12-14,0.697298525532248
