Date,score
2023-11-12,0.917925
2023-11-13,0.7947156162464986
2023-11-14,0.7761462562931741
2023-11-15,0.7925173693690175
2023-11-16,0.7615830229568131
2023-11-17,0.8012209364089604
2023-11-18,0.7597195397152414
2023-11-19,0.7174033781529046
2023-11-20,0.7699740512595755
2023-11-21,0.7757088291633353
2023-11-22,0.7609592199468083
2023-11-23,0.7428394023635664
2023-11-24,0.7008946614716869
2023-11-25,0.6726166975767356
2023-11-26,0.6517565243157925
2023-11-27,0.629088296356464
2023-11-28,0.6775992741711707
2023-11-29,0.6662322975700287
2023-11-30,0.654112207369383
2023-12-01,0.6827140699356158
2023-12-02,0.6495216542960429
2023-12-03,0.6173353009917947
2023-12-04,0.6491754249373317
2023-12-05,0.639968462146292
2023-12-06,0.6777675087429611
2023-12-07,0.738669896396662
2023-12-08,0.7164871995299784
2023-12-09,0.6842344132290955
2023-12-10,0.6886512314777519
2023-12-11,0.6704738394247755
2023-12-12,0.7074627975078316
2023-12-13,0.730737548641608
2023-12-14,0.697298525532248
