,Company,score
0,ASML Holding N.V.,0.41115061192262137
1,AT&T,0.9998282810697167
2,AbbVie,0.37172119239945917
3,Abbott Laboratories,0.975
4,Accenture,0.9964
5,Adobe,0.4130009703717786
6,Advanced Micro Devices,0.8071618116908875
7,Alibaba Group Holding,0.9508620265185542
8,Alphabet,0.7358496377592366
9,Amazon,0.9698572133788333
10,American Express,0.799668472817044
11,Amgen,0.9884529411764705
12,Apple,0.9988313794451266
13,Applied Materials,0.7095059360730595
14,AstraZeneca,0.11913920252664824
15,Bank of America,0.5693314827039544
16,Berkshire Hathaway,0.7657706665380251
17,BlackRock,0.7760360992125813
18,Blackstone,0.712100700008729
19,Booking Holdings,0.998473790349315
20,Broadcom,0.633701689384219
21,Chevron,0.22842419557587454
22,Cisco Systems,0.9187034741413342
23,Comcast,0.9066118351303596
24,Costco Wholesale,0.3288356099486775
25,Danaher,0.6950502283105023
26,Elevance Health,0.9685161083264218
27,Eli Lilly,0.3598784677526291
28,Exxon Mobil,0.19217943150414526
29,General Electric,0.2624903927056182
30,Intel,0.5314766163730082
31,International Business Machines,0.898132342870926
32,Intuit,0.5158701319332436
33,JPMorgan Chase & Co.,0.5246853273244932
34,Johnson & Johnson,0.396886098187449
35,Lockheed Martin,0.7229301125151001
36,Lowe Companies,0.9992317543869625
37,McDonald,0.5652897492322903
38,Merck & Co.,0.08644158966550533
39,Meta Platforms,0.8096204496453602
40,Microsoft,0.9627034967134352
41,Morgan Stanley,0.4720229293253324
42,NIKE,0.5885118416064723
43,NVIDIA,0.9670194857876626
44,Netflix,0.9559136079661388
45,Novo Nordisk,0.27205745672484866
46,Oracle,0.5527075853100246
47,PDD Holdings,0.629737899543379
48,PepsiCo,0.3767082191780822
49,Pfizer,0.5372852623115203
50,Philip Morris International,0.7120360730593607
51,Rio Tinto Group,0.5537228310502283
52,Royal Bank of Canada,0.6945746238322393
53,S&P Global,0.9224371383563414
54,Salesforce,0.4685905112767078
55,ServiceNow,0.9525331301219289
56,Shell,0.5157378151269298
57,Sony Group,0.14940343466245556
58,Starbucks,0.5952067751518128
59,T-Mobile US,0.8272262642954044
60,Taiwan Semiconductor Manufacturing,0.25856955260514397
61,Tesla,0.7639961077767325
62,Texas Instruments Incorporated,-0.059100000000000034
63,The Boeing,0.8557704881273909
64,The Charles Schwab,0.7601488578864234
65,The Coca-Cola,0.3639594289057973
66,The Goldman Sachs Group,0.7699962738786076
67,The Home Depot,-0.053876177167589766
68,The Procter & Gamble,0.48703190981180505
69,The Walt Disney,0.6829958152388472
70,Toyota Motor,0.8870823529411765
71,Uber Technologies,0.3640497150680167
72,Unilever,0.69922412462587
73,Union Pacific,0.9928
74,United Parcel Service,0.1693878242279723
75,UnitedHealth Group Incorporated,0.23928247051507792
76,Verizon Communications,-0.1680235294117647
77,Visa,0.7608313456083322
78,Walmart,0.42762263392812316
79,Wells Fargo &,0.9984235944564578
80,Top_100_avg,0.5508007748327007
